Configure,6501
Configure,6976
Configure,7191
Configure,7512
Configure,7826
Start,9659
Start,10842
Start,11171
Start,11308
Start,13860
Pause,6966
Pause,58938
Pause,59826
Pause,60231
Pause,1578224
Resume,1110
Resume,1943
Resume,11417
Resume,11582
Resume,12350
Stop,16378
Stop,34726
Stop,88133
Stop,88910
Stop,89212
Unconfigure,1067
Unconfigure,11310
Unconfigure,11505
Unconfigure,11585
Unconfigure,11834
Configure,45873
Configure,45812
Configure,45688
Configure,46035
Configure,46245
Start,8412
Start,8306
Start,8468
Start,8715
Start,8853
Pause,9773
Pause,86606
Pause,87018
Pause,87995
Pause,1566700
Resume,7349
Resume,9675
Resume,9260
Resume,9990
Resume,9817
Stop,11157
Stop,11407
Stop,11617
Stop,17975
Stop,17878
Unconfigure,1868
Unconfigure,1951
Unconfigure,2125
Unconfigure,2279
Unconfigure,2512
Configure,8911
Configure,8487
Configure,8667
Configure,8651
Configure,9255
Start,9789
Start,9728
Start,10514
Start,10706
Start,11585
Pause,12136
Pause,21774
Pause,52522
Pause,53124
Pause,53850
Resume,4268
Resume,4377
Resume,4064
Resume,4539
Resume,4623
Stop,15104
Stop,19552
Stop,20008
Stop,20687
Stop,25208
Unconfigure,2066
Unconfigure,1465
Unconfigure,2301
Unconfigure,9920
Unconfigure,9955
Configure,3860
Configure,4023
Configure,4116
Configure,3952
Configure,4676
Start,4082
Start,3964
Start,7038
Start,7136
Start,11612
Pause,9830
Pause,24926
Pause,26510
Pause,26812
Pause,31126
Resume,1693
Resume,1607
Resume,2541
Resume,5743
Resume,5717
Stop,16345
Stop,25953
Stop,53427
Stop,53572
Stop,58109
Unconfigure,3566
Unconfigure,3657
Unconfigure,6098
Unconfigure,7829
Unconfigure,8027
Configure,3170
Configure,10696
Configure,10462
Configure,10928
Configure,13084
Start,4337
Start,11019
Start,11205
Start,11690
Start,12265
Pause,7421
Pause,7643
Pause,8440
Pause,8388
Pause,8315
Resume,2333
Resume,2655
Resume,2550
Resume,2261
Resume,3067
Pause,9846
Pause,20015
Pause,122749
Pause,122929
Pause,123511
Resume,834
Resume,1071
Resume,1453
Resume,3156
Resume,3492
Stop,15122
Stop,35197
Stop,50718
Stop,51033
Stop,51540
Unconfigure,1027
Unconfigure,4091
Unconfigure,4415
Unconfigure,7627
Unconfigure,7799
Configure,4083
Configure,4192
Configure,4908
Configure,10899
Configure,10804
Start,2913
Start,3176
Start,9360
Start,9571
Start,9428
Pause,8079
Pause,23270
Pause,95704
Pause,95989
Pause,102444
Configure,6907
Configure,6809
Configure,6745
Configure,7204
Configure,7443
Start,2734
Start,2866
Start,3579
Start,6188
Start,6252
Pause,6943
Pause,45653
Pause,46341
Pause,48963
Pause,1547646
Resume,6531
Resume,6661
Resume,6601
Resume,6741
Resume,7325
Stop,15515
Stop,25353
Stop,64560
Stop,65178
Stop,67887
Start,10000
Start,9878
Start,10072
Start,10104
Start,10537
Pause,10906
Pause,20757
Pause,57357
Pause,57717
Pause,57743
Resume,5536
Resume,10030
Resume,9935
Resume,10294
Resume,10477
Stop,16955
Stop,27100
Stop,120326
Stop,120655
Stop,120695
Unconfigure,1149
Unconfigure,1461
Unconfigure,967
Unconfigure,1138
Unconfigure,10945
Configure,5966
Configure,6764
Configure,8996
Configure,8863
Configure,12392
Start,1721
Start,1948
Start,2002
Start,11770
Start,12024
Pause,886
Pause,12174
Pause,115802
Pause,125642
Pause,1552973
Resume,4537
Resume,4758
Resume,4848
Resume,5290
Resume,11105
Stop,14546
Stop,34900
Stop,92707
Stop,102615
Stop,102744
Unconfigure,6670
Unconfigure,6158
Unconfigure,6498
Unconfigure,6278
Unconfigure,6752
Configure,11300
Configure,11372
Configure,11533
Configure,11528
Configure,12065
Start,3329
Start,9975
Start,10374
Start,10403
Start,10662
Pause,8466
Pause,28834
Pause,111229
Pause,111427
Pause,111927
Resume,5797
Resume,5507
Resume,5412
Resume,5321
Resume,6026
Stop,1058
Stop,1629
Stop,12273
Stop,12472
Stop,125970
Unconfigure,1615
Unconfigure,6329
Unconfigure,6054
Unconfigure,6193
Unconfigure,6569
Configure,9285
Configure,9166
Configure,9019
Configure,8946
Configure,9416
Start,1347
Start,8925
Start,11364
Start,11392
Start,11545
Pause,11720
Pause,26925
Pause,55505
Pause,58184
Pause,58408
Resume,1275
Resume,1355
Resume,3210
Resume,9558
Resume,9808
Stop,16225
Stop,36407
Stop,55261
Stop,57978
Stop,58074
Unconfigure,1549
Unconfigure,1992
Unconfigure,1821
Unconfigure,7484
Unconfigure,7692
Configure,5840
Configure,6526
Configure,11265
Configure,11377
Configure,12699
Start,5551
Start,5682
Start,5551
Start,5446
Start,9409
Pause,10422
Pause,10049
Pause,10552
Pause,10744
Pause,11150
Resume,8191
Resume,7774
Resume,7881
Resume,8063
Resume,8765
Stop,12983
Stop,33288
Stop,85107
Stop,85586
Stop,85803
Unconfigure,8517
Unconfigure,9217
Unconfigure,9370
Unconfigure,10935
Unconfigure,10864
Configure,3011
Configure,3419
Configure,12537
Configure,12717
Configure,13001
Start,4456
Start,4546
Start,5027
Start,5050
Start,5394
Configure,11158
Configure,11434
Configure,11668
Configure,11734
Configure,11986
Start,2713
Start,2829
Start,3200
Start,3518
Start,3730
Configure,2917
Configure,3064
Configure,3641
Configure,3986
Configure,4096
Start,9059
Start,9301
Start,10012
Start,10261
Start,10277
Configure,8891
Configure,11147
Configure,11568
Configure,13746
Configure,13803
Start,9221
Start,9081
Start,9368
Start,9574
Start,9921
Configure,511
Configure,866
Configure,973
Configure,1274
Configure,1904
Start,5789
Start,6300
Start,6507
Start,6651
Start,6942
Configure,6560
Configure,6874
Configure,7147
Configure,7448
Configure,7740
Start,1031
Start,10878
Start,11074
Start,11629
Start,11830
Configure,1888
Configure,12288
Configure,12461
Configure,12832
Configure,12949
Start,8936
Start,9443
Start,9459
Start,9849
Start,10011
Configure,8949
Configure,9098
Configure,9580
Configure,9563
Configure,9780
Start,7718
Start,8247
Start,8605
Start,8650
Start,8845
Configure,8499
Configure,8662
Configure,8852
Configure,8984
Configure,9253
Start,3850
Start,4160
Start,4517
Start,4477
Start,4777
Configure,5464
Configure,5895
Configure,6043
Configure,6159
Configure,6499
Start,3657
Start,4243
Start,4496
Start,4767
Start,4965
Configure,5276
Configure,5344
Configure,5628
Configure,5731
Configure,5902
Start,5499
Start,5802
Start,5988
Start,7088
Start,7333
Configure,1879
Configure,12504
Configure,12897
Configure,13022
Configure,13381
Start,3551
Start,4245
Start,4525
Start,4767
Start,4967
Configure,5500
Configure,5911
Configure,6032
Configure,6325
Configure,6666
Start,6320
Start,6726
Start,6817
Start,7137
Start,7280
Configure,4866
Configure,5137
Configure,4978
Configure,5292
Configure,5647
Start,6704
Start,6585
Start,6778
Start,6700
Start,7102
