Configure,4653
Configure,5408
Start,621837
Start,622392
Stop,17694
Stop,55039
Start,754921
Start,755592
Stop,20037
Stop,38615
Unconfigure,357
Unconfigure,1616
Configure,6120
Configure,7054
Start,1685366
Start,1685985
Pause,16356
Pause,89559
Resume,1016
Resume,1052
Stop,29287
Stop,106827
Unconfigure,4069
Unconfigure,4387
Configure,790
Configure,986
Start,1280656
Start,1292797
Configure,1626
Configure,2553
Start,201001
Start,201276
Stop,13285
Stop,35997
Start,874812
Start,875204
Configure,9046
Configure,9563
Configure,9638
Configure,9897
Configure,10025
Start,225223
Start,225463
Start,227730
Start,227979
Start,228245
Pause,20374
Pause,98356
Pause,100305
Pause,101219
Pause,2111378
Resume,4295
Resume,4542
Resume,4890
Resume,4984
Resume,5151
Stop,27859
Stop,43878
Stop,116077
Stop,118439
Stop,119284
Unconfigure,9560
Unconfigure,9887
Unconfigure,10031
Unconfigure,10278
Unconfigure,20083
Configure,7960
Configure,7929
Configure,8300
Configure,8197
Configure,8382
Start,1213327
Start,1213710
Start,1214792
Start,1226673
Start,1227780
Stop,15946
Stop,16850
Stop,17674
Stop,28908
Stop,124521
Start,1153771
Start,1154102
Start,1164063
Start,1165254
Start,1165345
