Configure,6270
Configure,16551
Configure,16704
Configure,26397
Configure,36114
Start,212523
Start,222731
Start,232642
Start,233512
Start,243857
Pause,81440
Pause,195584
Pause,319660
Pause,1911464
Pause,1921578
Resume,357
Resume,10767
Resume,20830
Resume,33510
Resume,43738
Stop,74662
Stop,189746
Stop,313385
Stop,327965
Stop,343173
Unconfigure,819
Unconfigure,10715
Unconfigure,20649
Unconfigure,20843
Unconfigure,30509
Configure,8144
Configure,18296
Configure,29484
Configure,39465
Configure,49651
Start,1004551
Start,1014551
Start,1024907
Start,1035378
Start,1045332
Stop,124148
Stop,239044
Stop,353295
Stop,366894
Stop,382173
