Configure,12087
Configure,22124
Configure,33984
Configure,43882
Configure,54179
Configure,4040
Configure,7638
Configure,12060
Configure,21313
Configure,24849
Start,3149
Start,13115
Start,23759
Start,29724
Start,40541
Pause,119199
Pause,233287
Pause,352320
Pause,1898548
Pause,1907440
Resume,8503
Resume,9341
Resume,10675
Resume,13765
Resume,23717
Stop,106369
Stop,220232
Stop,339270
Stop,353644
Stop,369163
Unconfigure,5490
Unconfigure,12082
Unconfigure,19393
Unconfigure,27873
Unconfigure,32013
Configure,9032
Configure,15294
Configure,22204
Configure,31638
Configure,35243
Start,10382
Start,20420
Start,23743
Start,33640
Start,40573
Pause,43058
Pause,161101
Pause,276281
Pause,285098
Pause,295513
Resume,1287
Resume,11330
Resume,11583
Resume,18204
Resume,21232
Stop,45164
Stop,163096
Stop,278406
Stop,292288
Stop,307935
Unconfigure,1625
Unconfigure,6577
Unconfigure,12228
Unconfigure,19345
Unconfigure,23019
Configure,6816
Configure,12548
Configure,17604
Configure,25455
Configure,28490
Start,4404
Start,12978
Start,13704
Start,23811
Start,33220
Stop,82258
Stop,197492
Stop,312491
Stop,348403
Stop,363977
Start,9793
Start,19957
Start,26173
Start,29973
Start,40206
Pause,110729
Pause,225534
Pause,346493
Pause,352492
Pause,362804
Resume,2040
Resume,12108
Resume,18362
Resume,28439
Resume,32724
Pause,94428
Pause,209281
Pause,330360
Pause,336119
Pause,346507
Resume,6518
Resume,6819
Resume,16498
Resume,16748
Resume,24128
Stop,9607
Stop,124316
Stop,245478
Stop,281654
Stop,297280
Unconfigure,3594
Unconfigure,10991
Unconfigure,11131
Unconfigure,20854
Unconfigure,30881
Configure,6536
Configure,16528
Configure,26616
Configure,36698
Configure,36904
Start,9602
Start,19604
Start,29872
Start,39884
Start,50087
Pause,61991
Pause,176871
Pause,292042
Pause,322914
Pause,333431
Resume,3525
Resume,8693
Resume,12305
Resume,20932
Resume,30678
Stop,51381
Stop,166174
Stop,281363
Stop,317366
Stop,332976
Unconfigure,6058
Unconfigure,12821
Unconfigure,15356
Unconfigure,22697
Unconfigure,28852
Configure,5171
Configure,15199
Configure,25195
Configure,35219
Configure,38647
Start,6903
Start,16950
Start,27128
Start,37047
Start,37556
Pause,29042
Pause,153603
Pause,268680
Pause,276768
Pause,287190
Resume,8703
Resume,8695
Resume,17235
Resume,24273
Resume,31951
Pause,49892
Pause,174498
Pause,289548
Pause,297755
Pause,308189
Resume,10592
Resume,10769
Resume,17006
Resume,23412
Resume,29644
Stop,9803
Stop,134384
Stop,249361
Stop,263485
Stop,279054
Unconfigure,1799
Unconfigure,5236
Unconfigure,11708
Unconfigure,17367
Unconfigure,25294
Configure,8011
Configure,15409
Configure,17889
Configure,18131
Configure,28127
Unconfigure,4362
Unconfigure,4743
Unconfigure,5107
Unconfigure,14872
Unconfigure,15284
Configure,8906
Configure,10205
Configure,20235
Configure,25702
Configure,35765
Start,4542
Start,14516
Start,22644
Start,28062
Start,38071
Pause,6768
Pause,121643
Pause,241298
Pause,248331
Pause,258753
Resume,8336
Resume,11076
Resume,19885
Resume,21963
Resume,30956
Pause,37631
Pause,152619
Pause,272119
Pause,279416
Pause,289774
Resume,5384
Resume,15346
Resume,16956
Resume,18427
Resume,25619
Stop,23740
Stop,138725
Stop,258224
Stop,270769
Stop,286334
Unconfigure,4847
Unconfigure,10035
Unconfigure,12929
Unconfigure,19398
Unconfigure,24636
Configure,4041
Configure,7727
Configure,13961
Configure,17705
Configure,23303
Start,1780
Start,6405
Start,11415
Start,16283
Start,21236
Pause,40551
Pause,160858
Pause,280944
Pause,284626
Pause,295057
Resume,6148
Resume,16086
Resume,17412
Resume,18354
Resume,20294
Pause,77778
Pause,198018
Pause,317975
Pause,321704
Pause,332055
Resume,6283
Resume,13791
Resume,21209
Resume,31280
Resume,36222
Pause,42714
Pause,163004
Pause,282898
Pause,286933
Pause,297341
Resume,5600
Resume,15612
Resume,18902
Resume,21898
Resume,22192
Stop,87202
Stop,207532
Stop,327557
Stop,336149
Stop,351701
Unconfigure,6351
Unconfigure,12882
Unconfigure,13317
Unconfigure,14818
Unconfigure,16152
Configure,12184
Configure,22156
Configure,32259
Configure,42308
Configure,52501
Start,9828
Start,19656
Start,20272
Start,30101
Start,39733
Pause,30788
Pause,146111
Pause,261231
Pause,276799
Pause,287280
Resume,7678
Resume,11610
Resume,16455
Resume,17320
Resume,18932
Stop,8488
Stop,123897
Stop,238844
Stop,274921
Stop,290415
Start,6783
Start,16860
Start,27142
Start,37254
Start,44184
Stop,47037
Stop,165215
Stop,280112
Stop,293584
Stop,309241
Unconfigure,3006
Unconfigure,8143
Unconfigure,8760
Unconfigure,11203
Unconfigure,18972
Configure,4630
Configure,11177
Configure,13618
Configure,23465
Configure,33933
Unconfigure,8716
Unconfigure,12226
Unconfigure,20311
Unconfigure,27906
Unconfigure,30250
Configure,7862
Configure,11047
Configure,18613
Configure,27653
Configure,29683
Start,3121
Start,13120
Start,23271
Start,33360
Start,43525
Pause,117234
Pause,231909
Pause,346807
Pause,377573
Pause,388175
Resume,10895
Resume,10996
Resume,19437
Resume,24728
Resume,32154
Stop,52162
Stop,167031
Stop,281865
Stop,317732
Stop,328463
Unconfigure,2364
Unconfigure,3011
Unconfigure,8365
Unconfigure,13988
Unconfigure,22182
Configure,7267
Configure,14213
Configure,23838
Configure,28249
Configure,34353
Start,7313
Start,16033
Start,24736
Start,27895
Start,35873
Stop,122003
Stop,239047
Stop,360891
Stop,369588
Stop,385142
Start,9125
Start,14608
Start,15051
Start,24985
Start,29906
Stop,118728
Stop,238614
Stop,353771
Stop,367199
Stop,382725
Unconfigure,9227
Unconfigure,11845
Unconfigure,18954
Unconfigure,24596
Unconfigure,29264
