Configure,3204
Configure,3563
Configure,13086
Configure,22870
Configure,33214
Start,746653
Start,757110
Start,767345
Start,777317
Start,787090
Pause,93468
Pause,208492
Pause,324180
Pause,1868706
Pause,1878712
Resume,7640
Resume,8006
Resume,17797
Resume,18478
Resume,29358
Pause,59381
Pause,174273
Pause,289992
Pause,299086
Pause,309320
Resume,2402
Resume,13068
Resume,23291
Resume,33288
Resume,44679
Pause,16063
Pause,131326
Pause,247213
Pause,277771
Pause,287818
Resume,1015
Resume,1342
Resume,12329
Resume,12831
Resume,22616
Pause,68197
Pause,183654
Pause,299201
Pause,305836
Pause,316061
Resume,3951
Resume,13650
Resume,14280
Resume,24146
Resume,25065
Pause,7359
Pause,122445
Pause,238124
Pause,247734
Pause,257887
Resume,2711
Resume,12371
Resume,22554
Resume,34186
Resume,43485
Pause,44441
Pause,159766
Pause,275328
Pause,282033
Pause,292252
Resume,1539
Resume,12244
Resume,22198
Resume,32956
Resume,42961
Pause,7252
Pause,121833
Pause,237360
Pause,244034
Pause,254193
Resume,4086
Resume,14018
Resume,23711
Resume,34282
Resume,43837
Pause,61629
Pause,176980
Pause,292533
Pause,299335
Pause,309464
Resume,3479
Resume,13757
Resume,23765
Resume,33950
Resume,43845
Pause,81864
Pause,196904
Pause,312605
Pause,321409
Pause,331596
Resume,6932
Resume,7220
Resume,17073
Resume,28016
Resume,38287
Pause,50590
Pause,165979
Pause,281527
Pause,288373
Pause,298532
Resume,2963
Resume,12679
Resume,13598
Resume,25209
Resume,34937
Stop,70163
Stop,185266
Stop,300983
Stop,315404
Stop,330648
Start,248703
Start,249608
Start,259746
Start,268668
Start,279684
Stop,32152
Stop,142154
Stop,260441
Stop,274022
Stop,289227
Start,343274
Start,353141
Start,364888
Start,374203
Start,384164
Stop,114712
Stop,230017
Stop,350034
Stop,385568
Stop,400840
Start,239291
Start,249115
Start,260674
Start,270687
Start,281465
Stop,92470
Stop,207115
Stop,326194
Stop,361770
Stop,377029
Unconfigure,3945
Unconfigure,13731
Unconfigure,14607
Unconfigure,23499
Unconfigure,24760
Configure,11634
Configure,25132
Configure,37029
Configure,47000
Configure,47618
Unconfigure,3180
Unconfigure,13514
Unconfigure,14252
Unconfigure,23026
Unconfigure,24400
Configure,6212
Configure,7166
Configure,17077
Configure,26966
Configure,36999
Unconfigure,2618
Unconfigure,12556
Unconfigure,22538
Unconfigure,32775
Unconfigure,43455
Configure,1641
Configure,13029
Configure,22992
Configure,32579
Configure,33671
Unconfigure,3765
Unconfigure,14518
Unconfigure,23697
Unconfigure,33625
Unconfigure,34730
Configure,1948
Configure,12744
Configure,22984
Configure,33405
Configure,44141
Unconfigure,1261
Unconfigure,12451
Unconfigure,21059
Unconfigure,32270
Unconfigure,43283
Configure,4784
Configure,14983
Configure,24782
Configure,25423
Configure,36015
Unconfigure,659
Unconfigure,1380
Unconfigure,10581
Unconfigure,20538
Unconfigure,21595
Configure,2821
Configure,12894
Configure,23608
Configure,32982
Configure,42923
Start,334874
Start,343995
Start,354724
Start,364150
Start,365335
Stop,117905
Stop,241538
Stop,362565
Stop,398112
Stop,413364
Start,227206
Start,236716
Start,247601
Start,256992
Start,258463
Stop,8052
Stop,131458
Stop,246783
Stop,260350
Stop,275606
Unconfigure,7088
Unconfigure,16944
Unconfigure,28392
Unconfigure,36810
Unconfigure,38309
