Configure,2155
Configure,12054
Configure,12268
Configure,13232
Configure,13435
Start,626050
Start,626164
Start,626791
Start,627028
Start,627986
Pause,8124
Pause,96045
Pause,97349
Pause,97440
Pause,1576805
Resume,1181
Resume,1938
Resume,11035
Resume,11468
Resume,11608
Stop,13386
Stop,24426
Stop,121196
Stop,122217
Stop,122868
Unconfigure,2885
Unconfigure,3486
Unconfigure,3730
Unconfigure,3768
Unconfigure,4265
Configure,4883
Configure,5626
Configure,6166
Configure,6716
Configure,7190
Unconfigure,1265
Unconfigure,11569
Unconfigure,11706
Unconfigure,12021
Unconfigure,12839
Configure,4104
Configure,4495
Configure,4475
Configure,4780
Configure,5615
Unconfigure,1087
Unconfigure,10784
Unconfigure,11476
Unconfigure,11853
Unconfigure,12274
Configure,3267
Configure,3399
Configure,3893
Configure,4100
Configure,4299
Start,1024774
Start,1025339
Start,1025983
Start,1026062
Start,1026277
Pause,13755
Pause,35902
Pause,97202
Pause,98353
Pause,98803
Resume,7345
Resume,8230
Resume,8953
Resume,9812
Resume,10234
Pause,13467
Pause,29093
Pause,46936
Pause,48575
Pause,49432
Resume,6793
Resume,7426
Resume,7428
Resume,7840
Resume,8161
Pause,11809
Pause,23997
Pause,24813
Pause,24907
Pause,25179
Resume,6948
Resume,7104
Resume,7424
Resume,7385
Resume,7612
Pause,6757
Pause,13962
Pause,14776
Pause,14882
Pause,15010
Resume,930
Resume,8370
Resume,9302
Resume,9587
Resume,11935
Stop,13568
Stop,29573
Stop,89463
Stop,90494
Stop,90707
Unconfigure,2810
Unconfigure,3470
Unconfigure,3933
Unconfigure,4768
Unconfigure,5310
Configure,4297
Configure,4428
Configure,4913
Configure,4936
Configure,5315
Start,258105
Start,258677
Start,259277
Start,259404
Start,259874
Stop,14516
Stop,33293
Stop,120376
Stop,121275
Stop,121474
Unconfigure,7787
Unconfigure,7862
Unconfigure,8030
Unconfigure,8270
Unconfigure,8255
Configure,3091
Configure,3354
Configure,3463
Configure,3780
Configure,3746
Start,311211
Start,311429
Start,312356
Start,312581
Start,313045
Pause,11839
Pause,22235
Pause,56965
Pause,57667
Pause,58373
Resume,1115
Resume,9497
Resume,10926
Resume,12331
Resume,12955
Pause,11947
Pause,22360
Pause,88846
Pause,89822
Pause,90306
Resume,3529
Resume,3798
Resume,4188
Resume,4257
Resume,4347
Stop,16662
Stop,20255
Stop,20546
Stop,21561
Stop,26659
Unconfigure,3002
Unconfigure,3687
Unconfigure,3970
Unconfigure,4029
Unconfigure,4250
Configure,3060
Configure,3311
Configure,3745
Configure,3962
Configure,4005
Start,585238
Start,586065
Start,586297
Start,586615
Start,586735
Stop,25542
Stop,34034
Stop,120082
Stop,120177
Stop,120955
Unconfigure,915
Unconfigure,10748
Unconfigure,11041
Unconfigure,11240
Unconfigure,11748
Configure,2229
Configure,2623
Configure,3038
Configure,13485
Configure,13631
Start,327124
Start,327501
Start,327923
Start,328319
Start,328516
Stop,14064
Stop,14830
Stop,15826
Stop,16482
Stop,21841
Unconfigure,6843
Unconfigure,7498
Unconfigure,7720
Unconfigure,7949
Unconfigure,7863
Configure,11450
Configure,11495
Configure,11569
Configure,11743
Configure,11945
Start,468001
Start,468750
Start,468996
Start,469146
Start,469575
Stop,22390
Stop,26319
Stop,27602
Stop,28629
Stop,34842
Unconfigure,1365
Unconfigure,1942
Unconfigure,2001
Unconfigure,2494
Unconfigure,2574
Configure,7707
Configure,8048
Configure,8270
Configure,8505
Configure,8518
Start,236252
Start,237050
Start,237735
Start,237845
Start,238037
Stop,28741
Stop,41350
Stop,62260
Stop,63781
Stop,63863
Start,237502
Start,237706
Start,238411
Start,238648
Start,238854
Stop,14448
Stop,19826
Stop,20000
Stop,20914
Stop,26174
Start,528353
Start,536899
Start,537528
Start,537812
Start,538159
Stop,22828
Stop,35479
Stop,114745
Stop,115445
Stop,116002
Start,697703
Start,698185
Start,698853
Start,699054
Start,699345
Stop,13224
Stop,23350
Stop,24363
Stop,24553
Stop,29131
Start,501491
Start,501999
Start,502512
Start,502724
Start,502767
Stop,16222
Stop,26294
Stop,77706
Stop,78782
Stop,78963
Start,520503
Start,530244
Start,531287
Start,531831
Start,532538
Stop,14829
Stop,39682
Stop,53099
Stop,54259
Stop,54854
Unconfigure,13159
Unconfigure,13340
Unconfigure,13660
Unconfigure,13664
Unconfigure,13838
